Date,Open,High,Low,Close,Volume,Dividends,Stock Splits
2019-12-24,154.53386545874787,154.75957340756418,154.18059972726164,154.4357452392578,8989200,0.0,0
2019-12-26,154.61234925516843,155.76045898052945,154.45533895768503,155.7015838623047,14520600,0.0,0
2019-12-27,156.4669837056344,156.56511888072833,155.2599989132714,155.9861602783203,18412800,0.0,0
2019-12-30,156.01561768623807,156.04505524784653,153.79788822288464,154.6417999267578,16348400,0.0,0
2019-12-31,153.83713108731337,154.8184229600874,153.52311050082935,154.74972534179688,18369400,0.0,0
2020-01-02,155.80953866346525,157.72305502091967,155.36796026917995,157.6151123046875,22622100,0.0,0
2020-01-03,155.35813601439935,156.9576315803167,155.10299054532214,155.6525115966797,21116200,0.0,0
2020-01-06,154.14135413829382,156.12356823488616,153.58201049301985,156.05487060546875,20813700,0.0,0
2020-01-07,156.33942649528694,156.68286966267146,154.37684277311658,154.63197326660156,21634100,0.0,0
2020-01-08,155.95671428332798,157.79174031587795,154.9950524150708,157.0950164794922,27746500,0.0,0
2020-01-09,158.81227895147248,159.1851746683393,158.01743490095217,159.05760192871094,21385000,0.0,0
2020-01-10,159.77396288506947,160.16647367671862,158.164629708658,158.32164001464844,20725900,0.0,0
2020-01-13,158.73378901853795,160.2547946178885,158.24314301702665,160.22535705566406,21626500,0.0,0
2020-01-14,160.33328521409223,160.539363104276,158.69452951466914,159.09686279296875,23477400,0.0,0
2020-01-15,159.5776914305122,160.87300398613243,159.5286388118849,160.12721252441406,21417900,0.0,0
2020-01-16,161.27533575851498,163.12997691962912,160.96131515162764,163.061279296875,23865400,0.0,0
2020-01-17,164.2878825644129,164.33695015242446,162.33510635882746,163.973876953125,34371700,0.0,0
2020-01-21,163.56174194841302,165.04350243843868,163.3164189505494,163.38511657714844,29517200,0.0,0
2020-01-22,164.2682758129741,164.35660347324207,162.58045236480942,162.60008239746094,24138800,0.0,0
2020-01-23,163.08094480076028,163.67953361118072,162.17815781957907,163.6010284423828,19680800,0.0,0
2020-01-24,164.3762000165433,164.39583004698358,161.37344921219642,161.95240783691406,24918100,0.0,0
2020-01-27,158.1351995811989,160.32349151881937,157.20297517721718,159.2440643310547,32078100,0.0,0
2020-01-28,160.7159848241025,162.65893857712928,160.0192759660609,162.36456298828125,24899900,0.0,0
2020-01-29,164.70004586398517,165.59302517854664,162.5902740510414,164.89630126953125,34754500,0.0,0
2020-01-30,170.7938522843163,170.7938522843163,167.59483121799659,169.547607421875,51597500,0.0,0
2020-01-31,168.98827194096887,169.17470481031285,166.40746964716695,167.04530334472656,36142700,0.0,0
2020-02-03,167.2415908624638,171.23545654911618,167.21215329989175,171.11770629882812,30107000,0.0,0
2020-02-04,173.8260442858992,177.260565890827,173.01157022278863,176.7502899169922,36433300,0.0,0
2020-02-05,180.5871801661219,180.75399802281305,175.07232347160326,176.53443908691406,39186300,0.0,0
2020-02-06,177.58441603499614,180.3811042494796,176.69143671336636,180.1946563720703,27751400,0.0,0
2020-02-07,179.42924624452095,182.1572367770864,179.06615802659363,180.4497833251953,33529100,0.0,0
2020-02-10,180.14555980150573,185.30714954731494,179.82173169388005,185.16976928710938,35844300,0.0,0
2020-02-11,187.08328544658772,187.132353033814,180.06705469966394,180.98947143554688,53159900,0.0,0
2020-02-12,182.10817483217144,182.37312787005058,178.44795979083142,181.25445556640625,47062900,0.0,0
2020-02-13,179.65492887381052,182.7459924731438,179.4488509796359,180.2731475830078,35295800,0.0,0
2020-02-14,179.82177271888312,181.94136719418893,179.23299148463303,181.8824920654297,23149500,0.0,0
2020-02-18,182.13759156427582,184.18848805751318,182.02964885550932,183.72727966308594,27792200,0.0,0
2020-02-19,185.04580213791468,185.16387399264644,183.48129000582423,184.27830505371094,29997500,0.51,0
2020-02-20,183.9536056486784,184.24880032092938,178.19737710379567,181.4641571044922,36862400,0.0,0
2020-02-21,180.23417914332137,180.55889175854492,174.40906574497052,175.7275848388672,48572600,0.0,0
2020-02-24,165.08102763755073,171.75235825306405,160.6137852402637,168.15101623535156,68311100,0.0,0
2020-02-25,171.40796029253767,172.03770192221577,164.96293915200755,165.376220703125,68073300,0.0,0
2020-02-26,166.9899318465307,170.48302121163428,165.5139735184392,167.4425506591797,56206100,0.0,0
2020-02-27,160.7023458435341,164.35287427332378,155.44792291962057,155.64471435546875,93174900,0.0,0
2020-02-28,149.96722035913047,161.08611024170523,149.56378811671726,159.41334533691406,97012700,0.0,0
2020-03-02,162.66043097596236,170.14845951197617,159.70851457565558,170.02053833007812,71030800,0.0,0
2020-03-03,171.01435448295456,172.195118003563,159.6593080077834,161.8732452392578,71677000,0.0,0
2020-03-04,165.7894718136417,167.9640418421585,162.965461552973,167.8164520263672,49814400,0.0,0
2020-03-05,163.38856644575287,168.1313040511535,163.03433589734027,163.60504150390625,47817300,0.0,0
2020-03-06,160.00373227481802,160.49571841243022,153.49967493501532,158.98040771484375,72821100,0.0,0
2020-03-09,148.57981637583586,155.2216293595239,147.59584408195616,148.20590209960938,70419300,0.0,0
2020-03-10,155.62504717943227,158.4490425965748,150.13448048676565,158.34080505371094,65354400,0.0,0
2020-03-11,154.6115508884172,155.172407214336,148.72738653918603,151.1676483154297,56371600,0.0,0
2020-03-12,142.9711848600504,151.01023712423014,136.3588894945598,136.83119201660156,93226400,0.0,0
2020-03-13,145.13590942641153,159.31495340158554,138.474412972823,156.28431701660156,92727400,0.0,0
2020-03-16,137.7561061354598,146.95625208662477,132.83624520205052,133.24951171875,87905900,0.0,0
2020-03-17,137.75610549333035,145.13589685904446,132.83624458285428,144.22080993652344,81059800,0.0,0
2020-03-18,135.78816148320652,143.65993896049386,132.85592857689971,138.14968872070312,81593200,0.0,0
2020-03-19,140.48171964741425,147.74342450373936,136.77214013193918,140.4226837158203,85922700,0.0,0
2020-03-20,143.65995998386913,144.7423355510819,133.68248117185988,135.1486053466797,84866200,0.0,0
2020-03-23,134.81401191166466,138.31696519690388,130.39598679518247,133.80052185058594,78975200,0.0,0
2020-03-24,141.44601884358661,147.2022628335203,139.00577173117267,145.9624481201172,82516700,0.0,0
2020-03-25,146.52332644884,151.85645479166445,142.12496883699035,144.56521606445312,75638200,0.0,0
2020-03-26,146.0214484126987,154.14906727716397,145.99193045189205,153.60787963867188,64568100,0.0,0
2020-03-27,149.31775911580158,152.40743076316429,146.8086273765796,147.3006134033203,57042300,0.0,0
2020-03-30,149.99671369936996,158.02592987287198,147.60565361926373,157.66184997558594,63420300,0.0,0
2020-03-31,156.84518210621277,162.13895800262233,154.05070431541245,155.18228149414062,77927200,0.0,0
2020-04-01,150.54774698879422,155.22161495086462,148.40269479408218,149.67201232910156,57969900,0.0,0
2020-04-02,149.42601549435054,152.98798997279303,147.95005722791652,152.77151489257812,49630700,0.0,0
2020-04-03,152.61412054907325,154.8575763508939,149.75075734977716,151.36447143554688,41243300,0.0,0
2020-04-06,157.75044904325654,163.83139075452388,155.05435948998263,162.62110900878906,67111700,0.0,0
2020-04-07,166.87185063572272,167.275282862511,160.6433044780175,160.86962890625,62769000,0.0,0
2020-04-08,163.014691103275,163.99866341512978,160.87947298825722,162.4833526611328,48318200,0.0,0
2020-04-09,163.6936266863163,164.687433269333,160.7121919230409,162.49317932128906,51385100,0.0,0
2020-04-13,161.715857542674,162.91630497974222,159.6987112745363,162.8572540283203,41905300,0.0,0
2020-04-14,166.29131831108307,170.96518672515197,165.30734601338435,170.91598510742188,52874300,0.0,0
2020-04-15,168.45604366056895,170.78806806762668,166.5274664875752,169.12515258789062,40940800,0.0,0
2020-04-16,171.50634900968996,174.43858181718414,170.1287789890527,174.20242309570312,50479600,0.0,0
2020-04-17,176.62301099640914,177.1149970994632,173.05118708368485,175.73744201660156,52765600,0.0,0
2020-04-20,173.79900916288577,175.8850253583889,172.18529540492182,172.25416564941406,36669600,0.0,0
2020-04-21,170.71918905840676,170.8864625428088,163.44763457458598,165.13023376464844,56203700,0.0,0
2020-04-22,168.642995484398,171.21116353803754,168.08213913537693,170.73886108398438,34620200,0.0,0
2020-04-23,171.3194035387983,172.25417414339304,168.17069544289913,168.67251586914062,32790800,0.0,0
2020-04-24,169.30225367980043,171.76218417035716,167.9739002234343,171.75234985351562,34277600,0.0,0
2020-04-27,173.7596589270586,174.06468792737866,170.52239677673322,171.2603759765625,33194400,0.0,0
2020-04-28,172.77569179786838,172.85441138323114,166.67506656739752,167.0883331298828,34392700,0.0,0
2020-04-29,170.44368195007175,174.83218997288844,169.1251626796632,174.58619689941406,51286600,0.0,0
2020-04-30,177.11500848850466,177.50859139056675,173.40542882895676,176.33767700195312,53875900,0.0,0
2020-05-01,172.98229992381562,175.77677711252704,171.22098143912422,171.7720184326172,39370500,0.0,0
2020-05-04,171.69333180414083,176.13104146612702,171.01438851576623,175.97360229492188,30372900,0.0,0
2020-05-05,177.7250527210679,180.70648726515546,177.0165915408665,177.86280822753906,36839200,0.0,0
2020-05-06,179.16166950198237,181.24768587232373,178.7188849912887,179.61428833007812,32139300,0.0,0
2020-05-07,181.2181745120987,181.59208878615868,179.6536621773093,180.65731811523438,28316000,0.0,0
2020-05-08,182.0151806365731,182.03486428534364,180.42115041332906,181.71998596191406,30877800,0.0,0
2020-05-11,180.2145070600871,184.50462656301366,179.9193274038734,183.74697875976562,30892700,0.0,0
2020-05-12,183.8060273779483,184.04217111921875,179.3781520584196,179.58477783203125,32038200,0.0,0
2020-05-13,179.62411296765302,181.1000711432061,173.7104309351677,176.86898803710938,44711500,0.0,0
2020-05-14,174.69440775392488,177.79392901454054,172.86421896641247,177.63648986816406,41873900,0.0,0
2020-05-15,176.190072906961,184.06185109569049,174.16309242563923,180.224365234375,46610400,0.0,0
2020-05-18,182.7728680276099,183.21565259199159,181.0115640886777,181.9463348388672,35264500,0.0,0
2020-05-19,182.06438375409357,183.60922738949915,180.5490730992,180.68682861328125,26799100,0.0,0
2020-05-20,182.35435770485896,183.38054726560858,181.49592253957096,183.1930694580078,31261300,0.51,0
2020-05-21,182.93653155415197,184.18966091937017,180.85456712080696,180.99270629882812,29119500,0.0,0
2020-05-22,180.75588455134326,182.00901377560913,180.1145123243545,181.07162475585938,20826900,0.0,0
2020-05-26,183.8640334752303,184.02191111430082,178.69366877201332,179.1574249267578,36073600,0.0,0
2020-05-27,177.8056180914264,179.5718421819306,174.2534615536328,179.39422607421875,39517100,0.0,0
2020-05-28,178.33843568607568,181.70311411405552,177.9832185579089,178.98965454101562,33810200,0.0,0
2020-05-29,180.301983982458,181.82152977401688,178.0128186456173,180.81507873535156,42130400,0.0,0
2020-06-01,180.1145254342805,180.56841989035672,179.04888899244003,180.4006805419922,22622400,0.0,0
2020-06-02,181.8018299158741,182.54186450169175,178.9403688731293,182.45306396484375,30794600,0.0,0
2020-06-03,182.36421555415032,183.46932876092603,181.14068660662133,182.89703369140625,27311000,0.0,0
2020-06-04,181.85115504895978,183.3706859942319,179.877729633466,180.48948669433594,28761800,0.0,0
2020-06-05,180.19346995644338,185.23557249766796,179.5915746021901,184.71261596679688,39893600,0.0,0
2020-06-08,183.46935021724906,186.0446708032468,181.98928126106736,185.85719299316406,33211600,0.0,0
2020-06-09,185.501975160975,188.16609626112145,184.77180239176275,187.27806091308594,29783900,0.0,0
2020-06-10,188.59038210708042,195.8821875434869,188.47196635819728,194.22450256347656,43872300,0.0,0
2020-06-11,190.5638327841219,193.1588770044153,183.5976433769994,183.79498291015625,52854700,0.0,0
2020-06-12,188.00822098666245,189.17254973834642,182.71944060066588,185.2454376220703,43373600,0.0,0
2020-06-15,182.12743631765713,188.28452913271886,181.56500283833975,186.42950439453125,32770200,0.0,0
2020-06-16,190.3270133702271,192.98127295989738,188.91602142671553,190.99798583984375,42556700,0.0,0
2020-06-17,192.43856925425374,193.71143701954276,191.11637790069983,191.65907287597656,25687800,0.0,0
2020-06-18,191.4222603899199,193.87918038932597,191.4222603899199,193.71144104003906,23061600,0.0,0
2020-06-19,195.9512548688033,196.64195068904496,191.78732642329535,192.5569610595703,44441100,0.0,0
2020-06-22,193.1884827233272,198.0924462959575,192.635925992221,197.9049835205078,32818900,0.0,0
2020-06-23,199.4047891901691,201.24007562849735,198.75355511875264,199.22718811035156,30917400,0.0,0
2020-06-24,198.92126107480718,200.54933080058822,193.9482212671155,195.21121215820312,36740600,0.0,0
2020-06-25,195.1717805878103,197.944440944214,192.8727381251021,197.6780242919922,27803900,0.0,0
2020-06-26,197.07611523716224,197.23399287610863,192.29056787291762,193.72129821777344,54675800,0.0,0
2020-06-29,193.17859401192803,195.89205369547656,190.9782291024143,195.80325317382812,26701600,0.0,0
2020-06-30,195.25069593365225,201.6840513055258,195.11255677060075,200.80587768554688,34310300,0.0,0
2020-07-01,200.44080273015274,203.60815689196193,199.08901124718278,201.98007202148438,32061200,0.0,0
2020-07-02,202.9470377782445,205.25595667567697,202.2760804456164,203.5193328857422,29315800,0.0,0
2020-07-06,206.05519707758637,208.3246391019772,205.32502432273589,207.9003448486328,31897600,0.0,0
2020-07-07,207.65367498342732,211.81760358699518,205.2263702864335,205.48291015625,33600700,0.0,0
2020-07-08,207.27872331914622,210.4263238692658,205.91705511183244,210.00204467773438,33600000,0.0,0
2020-07-09,213.45556190294246,213.5049005495448,208.66013754039193,211.47227478027344,33121700,0.0,0
2020-07-10,210.78156345309756,211.2354579225486,208.27531980433358,210.83090209960938,26177600,0.0,0
2020-07-13,211.6301172857377,212.93258516342883,203.75615483982213,204.31858825683594,38135600,0.0,0
2020-07-14,203.39110053151362,206.0749603705525,199.34557230259782,205.58160400390625,37591800,0.0,0
2020-07-15,206.77550326434158,208.52198889366983,202.30569610510994,205.27569580078125,32179400,0.0,0
2020-07-16,202.6707797790379,202.9667965961878,199.62184119128761,201.21044921875,29940700,0.0,0
2020-07-17,201.7531499985817,202.31556841687333,198.7140730302887,200.1842803955078,31635300,0.0,0
2020-07-20,202.27611152991852,209.47911753707027,200.3125477587946,208.78842163085938,36884800,0.0,0
2020-07-21,210.82103547014654,211.09731381691233,205.26583824674125,205.9762725830078,37990400,0.0,0
2020-07-22,206.42029620085458,209.4791116284211,205.62106131363677,208.93641662597656,49605700,0.0,0
2020-07-23,204.43700852958392,208.1174427174346,199.46396804622972,199.84878540039062,67457000,0.0,0
2020-07-24,197.7569626418131,200.1645441010463,194.88562499710258,198.62527465820312,39827000,0.0,0
2020-07-27,198.7930069186133,201.2597886443557,198.1911115752905,201.14138793945312,30160900,0.0,0
2020-07-28,200.90456285620385,201.98007602904573,199.05941502242555,199.335693359375,23251400,0.0,0
2020-07-29,199.80933280671093,201.93075920668645,199.32583813678139,201.34860229492188,19632600,0.0,0
2020-07-30,198.32924366842553,201.74327607961436,196.91825179857935,201.19070434570312,25079600,0.0,0
2020-07-31,201.68405440390876,202.37476528581703,196.36567396066164,202.28594970703125,51044000,0.0,0
2020-08-03,208.709478494935,214.74815551601924,207.64382695191284,213.6627655029297,78983000,0.0,0
2020-08-04,211.32422923763284,211.9162628018452,207.5155181164987,210.45591735839844,49280100,0.0,0
2020-08-05,212.04454408049867,212.14322136866767,208.75880418024363,210.110595703125,28806400,0.0,0
2020-08-06,209.51856850670157,213.49501943391377,208.7390721080247,213.4752960205078,32656800,0.0,0
2020-08-07,211.99524250169526,212.83393931404356,208.12731523330106,209.65672302246094,27820400,0.0,0
2020-08-10,208.8574656255606,209.06468190751875,203.60816213642423,205.48291015625,36716500,0.0,0
2020-08-11,204.407400250124,204.89087982236762,200.4408111025953,200.67762756347656,36446500,0.0,0
2020-08-12,202.56222739289356,207.48592879313304,202.02940920207305,206.41041564941406,28013100,0.0,0
2020-08-13,206.65708312255114,208.5417077451819,205.3842154755442,205.92691040039062,22588900,0.0,0
2020-08-14,205.986113160123,206.80508640975654,204.75272243285067,206.12425231933594,17958900,0.0,0
2020-08-17,206.8149740325111,208.38384350654266,206.14400161249787,207.48593139648438,20184800,0.0,0
2020-08-18,207.73260461625156,209.53829049960171,206.43015179995743,208.6798553466797,21336200,0.0,0
2020-08-19,209.18431198169864,209.7876622803913,206.96872734057055,207.413818359375,27627600,0.51,0
2020-08-20,207.2555542904858,212.65603512550743,206.63243291553218,212.24061584472656,26981500,0.0,0
2020-08-21,211.52847042196086,213.89241372018827,210.5294870096544,210.6976318359375,36249300,0.0,0
2020-08-24,212.44831961964056,213.17037191349525,210.1140481002844,211.36032104492188,25460100,0.0,0
2020-08-25,210.77676089639138,214.24848896643013,210.77676089639138,214.11001586914062,23043700,0.0,0
2020-08-26,215.504644056322,219.6687375466574,214.99030894923067,218.73898315429688,39600800,0.0,0
2020-08-27,220.4600135984652,228.62995619924064,217.00805675612784,224.1097869873047,57602200,0.0,0
2020-08-28,225.69234587803987,228.1255332912646,224.10979833346696,226.41439819335938,26292900,0.0,0
2020-08-31,224.5252030163865,226.20666627599581,221.86452749096222,223.07122802734375,28774200,0.0,0
2020-09-01,223.05144501507073,224.9702972097805,221.98321755330133,224.79226684570312,25725500,0.0,0
2020-09-02,225.484638862359,230.32132676211717,224.87140302278857,229.12451171875,34080800,0.0,0
2020-09-03,226.77047189828053,226.8100291722374,212.61648385469354,214.93096923828125,58400300,0.0,0
2020-09-04,212.75493898091656,215.97939231750186,202.95297633746557,211.91419982910156,59664100,0.0,0
2020-09-08,204.24869341068188,207.74020739815253,199.995569899866,200.4505615234375,52924300,0.0,0
2020-09-09,205.33670728584895,212.49776562785584,204.44651021919367,208.98646545410156,45679000,0.0,0
2020-09-10,211.07346615230904,212.3988686850414,201.884754158311,203.13101196289062,35461500,0.0,0
2020-09-11,204.94105642894198,206.35547409848382,199.04604212825987,201.8056182861328,33620100,0.0,0
2020-09-14,202.01335058676722,206.91926747754795,201.8056333973185,203.17059326171875,30375800,0.0,0
2020-09-15,206.14776938980327,207.49294305190784,204.6740081793011,206.50384521484375,21823900,0.0,0
2020-09-16,208.32378125507503,208.35345298274117,202.40898042547198,202.81451416015625,26328100,0.0,0
2020-09-17,197.86904008897432,202.10237794012318,197.78002489918032,200.69786071777344,34011300,0.0,0
2020-09-18,200.58905176292842,201.42977589993626,194.11045767306015,198.205322265625,55225300,0.0,0
2020-09-21,195.04021404140883,200.50003858363016,194.2390471706488,200.33187866210938,39839700,0.0,0
2020-09-22,202.82441968119042,205.83128584860785,199.87691206738663,205.15869140625,33517100,0.0,0
2020-09-23,205.63344018863006,205.8312718356672,197.8492448171729,198.40313720703125,30803800,0.0,0
2020-09-24,197.67119430980702,203.3288347312153,197.02827170729952,200.9747772216797,31202500,0.0,0
2020-09-25,201.33088421242326,206.76102212268032,200.33188565615816,205.55433654785156,29437300,0.0,0
2020-09-28,208.58096534644326,210.25254317508686,205.79170208605754,207.1566619873047,32004900,0.0,0
2020-09-29,207.06765334676072,207.77980504884417,204.55533620540066,205.00042724609375,24221900,0.0,0
2020-09-30,205.46529628839568,209.66896223546965,204.28826740842524,208.03695678710938,33829100,0.0,0
2020-10-01,211.16250738048527,211.6570563100539,209.01616683724976,210.14373779296875,27158400,0.0,0
2020-10-02,205.73235763125933,208.6897657054856,203.29917022244865,203.9420928955078,33154800,0.0,0
2020-10-05,204.960857694128,208.11608225056753,204.72346877683998,208.08641052246094,21331600,0.0,0
2020-10-06,206.54343977008128,207.88859848426767,202.58704799677005,203.6651611328125,28554300,0.0,0
2020-10-07,204.80261395520077,207.81936564522516,204.46632428285355,207.54241943359375,25681100,0.0,0
2020-10-08,208.21499662424645,208.88759105441932,206.04888486834608,208.28424072265625,19925800,0.0,0
2020-10-09,208.92714418420874,213.50667226871764,208.92714418420874,213.45721435546875,26458000,0.0,0
2020-10-12,216.40470591102687,221.41943911470418,214.446296448658,218.9862518310547,40461400,0.0,0
2020-10-13,220.29187053503105,222.7547295720515,218.02682804608932,220.4303436279297,28950800,0.0,0
2020-10-14,220.56880179402347,221.77550227580704,216.7409982695985,218.45213317871094,23421700,0.0,0
2020-10-15,214.73315537707305,217.95760902647103,213.65502721966973,217.26524353027344,22733100,0.0,0
2020-10-16,217.74989183139382,219.8665606868756,216.92895387389686,217.26524353027344,26057900,0.0,0
2020-10-19,218.01695592458373,219.87646479437322,211.39000305508878,211.88455200195312,27625800,0.0,0
2020-10-20,213.4473472213773,215.00022320277478,210.7668850534118,212.30987548828125,22753500,0.0,0
2020-10-21,210.7965291976263,214.55510405030722,210.7965291976263,212.45822143554688,22724900,0.0,0
2020-10-22,211.59770061269654,213.7044839106327,209.39201658297506,212.5472412109375,22351500,0.0,0
2020-10-23,212.6857052509832,213.92207753891034,210.83609713782346,213.87261962890625,18879600,0.0,0
2020-10-26,211.51857587705672,213.98141980172713,205.83126338427917,207.7896728515625,37111600,0.0,0
2020-10-27,209.2832038618563,212.3296269549129,208.0369460434202,210.92510986328125,36700300,0.0,0
2020-10-28,205.40595605438156,206.56319876923234,199.89668868065078,200.47035217285156,51195600,0.0,0
2020-10-29,201.84519062636073,205.09931567249686,201.1528101084117,202.48809814453125,31432600,0.0,0
2020-10-30,201.28143448442594,202.0628152306956,197.4437295772069,200.26266479492188,36953700,0.0,0
2020-11-02,202.06279941991735,203.0420117551473,197.93826306823783,200.12417602539062,30842200,0.0,0
2020-11-03,201.66717183163877,205.8510517560409,200.90556221669775,204.17947387695312,27512000,0.0,0
2020-11-04,211.68672670722802,215.9398504932592,210.10416410558625,214.0308837890625,42311800,0.0,0
2020-11-05,219.61927954537794,221.6766048804613,218.7389830642907,220.85565185546875,36080100,0.0,0
2020-11-06,219.8368858196831,221.9139973710604,215.653006080839,221.28097534179688,25231900,0.0,0
2020-11-09,221.99312399385042,225.63299683953193,215.50464450898477,216.0090789794922,44395000,0.0,0
2020-11-10,212.16147513972882,214.13967071212724,207.4335889290914,208.7095184326172,44045100,0.0,0
2020-11-11,210.07449716512306,215.6628941244943,209.88656615399606,214.18914794921875,29440800,0.0,0
2020-11-12,214.84195501463049,216.7212349309296,212.12193587173473,213.09124755859375,21593900,0.0,0
2020-11-13,214.00122326045206,215.049664624624,211.8252108886414,214.1495819091797,18621100,0.0,0
2020-11-16,212.52746838289661,215.36618971812203,212.18129316124055,214.8617401123047,24953300,0.0,0
2020-11-17,213.7440528646496,215.30681419685433,211.7460709682822,212.12193298339844,24154100,0.0,0
2020-11-18,211.8739917253423,213.38136070192138,209.17660098070508,209.3253631591797,28372800,0.56,0
2020-11-19,209.62288760117823,211.2591657595458,208.18492876461107,210.65423583984375,24792700,0.0,0
2020-11-20,210.4360496795669,211.51698524417412,208.25434056668644,208.64109802246094,22843100,0.0,0
2020-11-23,209.1964475967108,210.5253050403452,206.429646493505,208.36343383789062,25683500,0.0,0
2020-11-24,207.8477508533754,212.46901759826548,207.12382331507365,212.08226013183594,33979700,0.0,0
2020-11-25,213.32187616213423,213.5003726299142,210.69391061793698,212.09217834472656,21012900,0.0,0
2020-11-27,213.06402604297708,214.47222021683888,212.26074660562466,213.44085693359375,14512200,0.0,0
2020-11-30,212.320292015892,212.9747942416057,209.08738120001138,212.29054260253906,33064800,0.0,0
2020-12-01,212.72685433459873,215.51350858190327,211.57650847462958,214.41273498535156,30904500,0.0,0
2020-12-02,213.09377954520934,213.6788714416262,211.0310680710444,213.57969665527344,23724500,0.0,0
2020-12-03,212.82602592800126,214.5813168003376,211.87399939990152,212.4591064453125,25120900,0.0,0
2020-12-04,212.43927411174812,213.58963511698215,211.40791075121115,212.57810974121094,24666000,0.0,0
2020-12-07,212.5880037928176,213.7482761296312,211.21948559480407,212.5086669921875,24620000,0.0,0
2020-12-08,212.1913503846521,215.14657454672883,211.12032619601823,214.21438598632812,23284100,0.0,0
2020-12-09,213.37146852366578,213.44087877432366,209.4543062483109,210.03939819335938,32440600,0.0,0
2020-12-10,210.00964403472537,211.30875210204485,208.61136117505148,208.77003479003906,26733300,0.0,0
2020-12-11,208.3039356599003,211.5467576055418,207.37174710846008,211.48724365234375,30979400,0.0,0
2020-12-14,211.3285865558222,214.4127349103468,211.11041412184696,212.41943359375,28798400,0.0,0
2020-12-15,213.3813849018583,213.62930676215214,210.4757479625504,212.35003662109375,27000600,0.0,0
2020-12-16,212.96485664893666,218.28030140619737,212.93510723923887,217.4571990966797,35023300,0.0,0
2020-12-17,218.04231039426347,219.05383580982033,216.10852293213213,217.59605407714844,32515800,0.0,0
2020-12-18,216.7729339599609,217.86379609650788,214.2243053419529,216.77293395996094,63354900,0.0,0
2020-12-21,215.7416023530261,222.13798321841657,215.47384251130813,220.7397003173828,37181900,0.0,0
2020-12-22,220.83886671791697,223.7544300579412,220.0058529441811,222.07847595214844,22612200,0.0,0
2020-12-23,221.25536215855664,221.701618433404,218.96456683331863,219.1827392578125,18699600,0.0,0
2020-12-24,219.57943035855754,221.75122826545174,219.36125791198694,220.89837646484375,10550600,0.0,0
2020-12-28,222.58421087298598,224.1510786186972,221.16610530105177,223.08998107910156,17933500,0.0,0
2020-12-29,224.42876094641161,225.2915240955706,221.72145872763994,222.28671264648438,17403200,0.0,0
2020-12-30,223.35774295916238,223.7544269878428,219.62900388125706,219.83724975585938,20272300,0.0,0
2020-12-31,219.85708983056645,221.14628645512505,217.85387707954303,220.57110595703125,20942100,0.0,0
2021-01-04,220.68019550438507,221.14628979208123,213.02436757995082,215.88043212890625,37130100,0.0,0
2021-01-05,215.45397430669738,216.703509971491,213.90694456166443,216.08865356445312,23823000,0.0,0
2021-01-06,210.4063046751149,214.69040131979943,210.17822081999782,210.4856414794922,35930700,0.0,0
2021-01-07,212.2607619490295,217.51670813378945,211.93351842698166,216.47543334960938,27694500,0.0,0
2021-01-08,216.86219921513973,218.74641440510635,215.2259210138062,217.7943878173828,22956200,0.0,0
2021-01-11,216.65394780514632,217.09029268289575,214.92840627912327,215.68209838867188,23031300,0.0,0
2021-01-12,214.70031273667703,215.29533120350715,211.54675420554273,213.1433563232422,23249300,0.0,0
2021-01-13,212.24094950885825,214.95816340185684,212.1516861392445,214.54165649414062,20087100,0.0,0
2021-01-14,214.1152282747476,215.6523467575626,210.97158106034402,211.24925231933594,29480800,0.0,0
2021-01-15,211.74508724432982,212.72684803654712,210.2674676450816,210.88230895996094,31746500,0.0,0
2021-01-19,211.97318183606288,215.1763279024177,210.86249678983557,214.6408233642578,30480900,0.0,0
2021-01-20,215.8903546348976,223.91310246615947,215.48375914911335,222.47515869140625,37777300,0.0,0
2021-01-21,222.8321547170811,224.4188606024799,220.57110866615452,223.09991455078125,30709400,0.0,0
2021-01-22,225.19237367458803,228.15752440946702,223.923015029678,224.07176208496094,30172700,0.0,0
2021-01-25,227.2153985773462,227.86991585364063,222.3561366624408,227.6219940185547,33152100,0.0,0
2021-01-26,229.9326483726235,232.2333553440868,228.16744595587903,230.39874267578125,49169600,0.0,0
2021-01-27,236.02161664024388,238.4413364756508,228.2269525610486,230.96400451660156,69870600,0.0,0
2021-01-28,233.65146861987142,240.623029822382,233.13578693558654,236.94386291503906,49111200,0.0,0
2021-01-29,234.0283135625445,236.04143776185145,229.42688465956448,230.0318145751953,42503100,0.0,0
2021-02-01,233.10602612571796,240.48418243259675,230.49788355236993,237.65786743164062,33314200,0.0,0
2021-02-02,239.29417188297822,240.29577070628127,236.70586717195766,237.51904296875,25916300,0.0,0
2021-02-03,237.57856093860642,243.05266456665478,237.27112512955435,240.98004150390625,27158100,0.0,0
2021-02-04,240.64286638257377,241.21804688626523,238.3718937790378,239.99826049804688,25296100,0.0,0
2021-02-05,240.21642543569172,241.25770019207465,238.42147373176743,240.18667602539062,18054800,0.0,0
2021-02-08,241.12879270413904,241.65438583181532,238.80824774814005,240.45445251464844,22211900,0.0,0
2021-02-09,239.85940684217692,242.7253825868718,239.37348974064187,241.74362182617188,23565000,0.0,0
2021-02-10,242.96340008440654,243.87575062807343,238.8875644817943,240.80152893066406,22186700,0.0,0
2021-02-11,242.74523954709235,243.11215904133547,240.13709685376728,242.45765686035156,15751100,0.0,0
2021-02-12,241.90228990093678,243.26091187071344,240.7122680980839,242.9534912109375,16561100,0.0,0
2021-02-16,242.99317095773804,244.0840331888842,240.90070986486631,241.67422485351562,26728500,0.0,0
2021-02-17,239.86518639181878,242.83715118176886,239.48747240508266,242.72781372070312,21653500,0.56,0
2021-02-18,240.3422734603687,242.45942210480112,239.4079379724675,242.3202667236328,16925600,0.0,0
2021-02-19,242.2805274720891,242.3898649321844,238.73204231274164,239.5172882080078,25262600,0.0,0
2021-02-22,235.98869771613,236.49561769102172,230.9989568353114,233.0962371826172,36446900,0.0,0
2021-02-23,228.94144527317673,233.41431678595936,227.35108489080042,231.8637237548828,30228700,0.0,0
2021-02-24,228.62336280813756,233.7820769487158,227.61945712540552,233.13600158691406,26339700,0.0,0
2021-02-25,230.6808802608648,233.17574297078644,226.5062034879012,227.60951232910156,39542200,0.0,0
2021-02-26,230.13419843830016,233.95104499764756,228.15618988013628,230.9790802001953,37819200,0.0,0
2021-03-01,234.4778426913381,236.03838503943987,231.74442139381944,235.51158142089844,25324000,0.0,0
2021-03-02,235.58115255072846,235.86941274584981,232.04261684603645,232.4600830078125,22812500,0.0,0
2021-03-03,230.7604000413287,232.17183758593126,225.88993116193137,226.18812561035156,34029500,0.0,0
2021-03-04,225.37307808274596,231.0884135664741,222.90801811923347,225.36312866210938,44727800,0.0,0
2021-03-05,228.1363188065004,231.8637115374138,225.0947687647631,230.2037811279297,41872800,0.0,0
2021-03-08,229.97516712188042,231.96311000103725,225.7607379248203,226.0191650390625,35267400,0.0,0
2021-03-09,231.4760677803144,233.960996315686,230.27335569580245,232.37063598632812,33080500,0.0,0
2021-03-10,235.57122014575094,235.57122014575094,230.64111536297958,231.01882934570312,29746800,0.0,0
2021-03-11,233.54352336700737,237.72813440577573,232.89743286647277,235.700439453125,29907600,0.0,0
2021-03-12,232.5992349655232,234.39833588635474,231.82393850982763,234.32875061035156,22653700,0.0,0
2021-03-15,233.54351398157252,233.7721231443039,230.41249514357693,233.3944091796875,26034900,0.0,0
2021-03-16,234.85556003964192,238.612770700076,234.5176134053129,236.27694702148438,28092200,0.0,0
2021-03-17,234.72635842304317,237.11189906991797,231.82396352779313,235.61099243164062,29562100,0.0,0
2021-03-18,231.1579900690459,232.77816833043727,228.9414380581584,229.32908630371094,34833000,0.0,0
2021-03-19,229.62727799036614,231.06853349275332,227.967347565763,228.96131896972656,46430700,0.0,0
2021-03-22,228.8818040195066,235.47182424629034,228.75258288102842,234.56732177734375,30127000,0.0,0
2021-03-23,236.0582665534822,239.59680221047202,235.64080039733392,236.14772033691406,31638400,0.0,0
2021-03-24,236.41610311989962,236.5651927629042,233.90135669589006,234.04051208496094,25620100,0.0,0
2021-03-25,233.88147786883584,235.5115903889389,230.1739687235453,230.93931579589844,34061900,0.0,0
2021-03-26,230.15408009760193,235.28297614813482,230.15408009760193,235.05435180664062,25479900,0.0,0
2021-03-29,235.16367532696302,235.37241598143186,230.48207881620905,233.8218231201172,25227500,0.0,0
2021-03-30,232.1221351460624,232.44021326770977,229.706791972851,230.4522705078125,24792000,0.0,0
2021-03-31,231.50587410387197,237.65855927570252,230.9890047477216,234.3486328125,43623500,0.0,0
2021-04-01,237.03236313027853,241.37601333446534,236.61489695849218,240.88897705078125,30338000,0.0,0
2021-04-05,241.29649385392833,248.45310013410023,241.23685799606022,247.56846618652344,36910600,0.0,0
2021-04-06,246.11726032245318,247.89646246490565,245.39166544314241,246.36575317382812,22931900,0.0,0
2021-04-07,246.3160512809536,249.41723720909505,245.69979386364344,248.39344787597656,22719800,0.0,0
2021-04-08,251.24614932829456,252.60788526204448,250.48078712094338,251.72325134277344,23625200,0.0,0
2021-04-09,251.3455560831943,254.44675732524655,250.91815563912084,254.30760192871094,24326800,0.0,0
2021-04-12,253.1744705891083,256.11663270669396,253.08500163329356,254.3672332763672,27148700,0.0,0
2021-04-13,255.70910566906738,257.62746329301945,255.2816748908012,256.9316711425781,23837500,0.0,0
2021-04-14,255.92776908103195,257.26960621510443,253.62174813414578,254.0491485595703,23070900,0.0,0
2021-04-15,256.3750350200042,258.36297781301056,256.1762589408634,257.9355773925781,25627500,0.0,0
2021-04-16,257.90575807365457,259.42653308876197,256.04703642558997,259.1680908203125,24878600,0.0,0
2021-04-19,258.6214158987237,259.903647472876,256.2657085804991,257.1801452636719,23209300,0.0,0
2021-04-20,256.265714121314,258.63137091124327,255.29161122734314,256.70306396484375,19722900,0.0,0
2021-04-21,257.37896633740735,259.1084669311287,255.6991521820983,259.0090637207031,24030400,0.0,0
2021-04-22,258.64128001119553,260.2018223320041,254.09883876659097,255.61962890625,25606200,0.0,0
2021-04-23,256.32537716725403,259.93349859228937,255.71903877430054,259.5756530761719,21462600,0.0,0
2021-04-26,260.0825887234642,260.8578852872548,258.601580881588,259.9732360839844,19763300,0.0,0
2021-04-27,260.0030226332508,261.6033323432921,258.5518328984652,260.39068603515625,31014200,0.0,0
2021-04-28,254.53618573294116,254.99343442246428,251.4250655280915,253.02536010742188,46903100,0.0,0
2021-04-29,253.91994448405097,254.55608558331656,247.49888246635115,250.9877166748047,40589000,0.0,0
2021-04-30,248.23442102868444,251.5542818396785,248.09526564040323,250.65969848632812,30945100,0.0,0
2021-05-03,251.8723382596746,252.81662319149643,249.60608475690103,250.3416290283203,19626600,0.0,0
2021-05-04,249.45701011866646,249.69556872107134,244.27841231327952,246.29617309570312,32756100,0.0,0
2021-05-05,247.55851313155637,247.9958629719022,244.3380555195549,244.984130859375,21901300,0.0,0
2021-05-06,244.96424708601637,248.35369318053029,243.21486289213817,248.22447204589844,26491100,0.0,0
2021-05-07,250.6298749339487,252.7669224799988,249.65578723783815,250.93801879882812,27032900,0.0,0
2021-05-10,249.35760684296324,250.21242287618625,245.63021399463034,245.68984985351562,29299900,0.0,0
2021-05-11,243.07569511516797,245.1133394029449,241.10763610150786,244.7455596923828,33641600,0.0,0
2021-05-12,240.7100612211283,242.9067447715942,236.63478742709003,237.55917358398438,36684400,0.0,0
2021-05-13,240.34228455227466,244.11937885847115,239.9645705716151,241.5648651123047,29624300,0.0,0
2021-05-14,244.09950824198953,247.67779632864713,244.01005445235322,246.6540069580078,23901100,0.0,0
2021-05-17,245.06365544911304,245.1034076323287,242.05192327442327,243.701904296875,24970200,0.0,0
2021-05-18,244.78534955150357,244.92450494573572,241.43565550202868,241.6145782470703,20168000,0.0,0
2021-05-19,238.41655281253452,242.32191598167066,237.70921205379904,242.2123260498047,25739800,0.56,0
2021-05-20,243.04920308337395,247.02429703355855,242.94957034401494,245.55978393554688,21800700,0.0,0
2021-05-21,246.64571803984722,247.402875148137,243.82628186816083,244.25466918945312,21863100,0.0,0
2021-05-24,246.8648921582891,250.2223209107775,246.58593872865745,249.84373474121094,21411500,0.0,0
2021-05-25,250.83004403107864,251.8063810343655,249.88359380939494,250.7802276611328,17704300,0.0,0
2021-05-26,250.49129766174963,251.9956699192037,249.81384368760672,250.55108642578125,17771600,0.0,0
2021-05-27,250.23228319155365,250.54112340908054,248.3194531201228,248.3792266845703,24426200,0.0,0
2021-05-28,250.06289709948553,251.1388667677974,248.62827087506966,248.74781799316406,18270200,0.0,0
2021-06-01,250.2920517500316,250.3518253132836,246.03800434583113,246.47634887695312,23213300,0.0,0
2021-06-02,247.20362731525293,248.3393705897971,244.92216837136192,246.37672424316406,19406700,0.0,0
2021-06-03,244.30450271466924,245.4203164687891,242.09278959359432,244.7926788330078,25307700,0.0,0
2021-06-04,246.8349970161229,250.7104733199057,246.5859303765435,249.8536834716797,25281100,0.0,0
2021-06-07,249.04670877508883,253.14136491784393,248.87734528522074,252.86241149902344,23079200,0.0,0
2021-06-08,254.20738675622056,255.0542194384605,251.56727117159235,251.62705993652344,22455000,0.0,0
2021-06-09,252.8624141131004,254.57599381889617,252.26466329594322,252.6432342529297,17937600,0.0,0
2021-06-10,253.34061871752232,256.49878191173957,252.7229383103606,256.27960205078125,24563600,0.0,0
2021-06-11,257.0267873867588,257.5249206421484,255.65193473730096,256.92718505859375,18999700,0.0,0
2021-06-14,256.93714758018274,258.97951233266303,255.8412482500279,258.91973876953125,19150500,0.0,0
2021-06-15,258.8001557709658,259.0193356323653,256.71796228949177,257.3954162597656,18038900,0.0,0
2021-06-16,258.43154545197984,259.607132722602,253.47014212702157,256.4190979003906,27220000,0.0,0
2021-06-17,255.114009786707,260.7727970934258,255.0542362196649,259.92596435546875,27565500,0.0,0
2021-06-18,258.66069125425776,261.3207059374212,257.78397181885146,258.46142578125,37202200,0.0,0
2021-06-21,258.8499686720298,262.53613647052,256.9570684075466,261.64947509765625,26696100,0.0,0
2021-06-22,261.73914564355863,264.7976912069985,261.4203330550556,264.51873779296875,24694100,0.0,0
2021-06-23,264.9969457433766,265.83380604695606,263.4427722647799,264.2796325683594,19518700,0.0,0
2021-06-24,265.16631586766664,266.85000881562723,264.4788894970251,265.6943359375,21446900,0.0,0
2021-06-25,265.23608315942596,266.25226420471716,263.771569956822,264.03057861328125,25611100,0.0,0
2021-06-28,265.1962130342426,267.8960870514873,264.9172595978148,267.7167663574219,19590000,0.0,0
2021-06-29,267.86616575162185,270.6357853719885,266.97950438723575,270.38671875,19937800,0.0,0
2021-06-30,269.67940337075487,270.34688495430044,268.5934764453884,269.88861083984375,21656500,0.0,0
2021-07-01,268.6034377386594,270.8251233203031,268.5934957466077,270.5860290527344,16725300,0.0,0
2021-07-02,271.80144923021476,276.9621026958019,271.4826366352735,276.6134033203125,26458000,0.0,0
2021-07-06,276.991996338799,278.3269899090923,273.27591104582734,276.6233825683594,31565600,0.0,0
2021-07-07,278.35686764061956,279.6420600015296,276.1152679059272,278.8848876953125,23260000,0.0,0
2021-07-08,275.8661992837956,277.6893840809333,273.8437794205264,276.38427734375,24618600,0.0,0
2021-07-09,274.6906306617764,277.0119184832457,274.2921300988876,276.90234375,23916700,0.0,0
2021-07-12,278.11779491181795,278.7255029598176,275.5474099911663,276.28466796875,18931700,0.0,0
2021-07-13,276.483865293088,281.79398270955136,276.3543761884771,279.93096923828125,26120100,0.0,0
2021-07-14,281.29588544086107,282.60099227707235,279.5025872877546,281.4552917480469,23113700,0.0,0
2021-07-15,280.9471536491598,281.4552592944989,278.7852419615626,279.98077392578125,22604200,0.0,0
2021-07-16,281.01692244855025,283.0393423965053,278.4166508562405,279.70184326171875,26186800,0.0,0
2021-07-19,277.88861426071344,279.32324048765906,273.42535969123054,275.9757995605469,32935600,0.0,0
2021-07-20,276.9919683716005,279.92099425671324,275.22858764633474,278.27716064453125,26259700,0.0,0
2021-07-21,277.85872942437067,280.4689428710944,276.2547549031556,280.3493957519531,24364300,0.0,0
2021-07-22,282.7802850729647,285.350669717737,282.36187016107056,285.07171630859375,23384100,0.0,0
2021-07-23,286.2971002935274,288.9073136685463,285.4303532999217,288.5885314941406,22768100,0.0,0
2021-07-26,287.92102403081213,288.6084503613085,285.5698496393949,287.9708251953125,23176100,0.0,0
2021-07-27,288.3494092533576,288.49884314942005,281.8936217143293,285.47021484375,33604100,0.0,0
2021-07-28,287.9110449537244,289.06671773753675,282.77030618585883,285.1513977050781,33566900,0.0,0
2021-07-29,285.17135035141285,287.5424697946425,285.01194404222616,285.4303894042969,18168300,0.0,0
2021-07-30,284.10535251517797,285.58977998247394,282.850046901756,283.8463134765625,20940900,0.0,0
2021-08-02,285.29088146498157,285.6993544086558,282.68066790634236,283.75665283203125,16267400,0.0,0
2021-08-03,284.3544301848899,286.15767032291996,282.93971821620545,286.0480651855469,17879000,0.0,0
2021-08-04,285.1514123230909,286.5162926280159,283.5872665472918,285.4403381347656,16191300,0.0,0
2021-08-05,285.80895897447925,288.5486920468517,285.0318722646429,288.4390869140625,13900200,0.0,0
2021-08-06,287.43289842898537,288.41919267476896,286.54620652442213,288.37933349609375,16585200,0.0,0
2021-08-09,288.668221343635,290.4614889006205,286.7354618814675,287.2535095214844,16117600,0.0,0
2021-08-10,287.72178003561424,288.1701121641378,284.1352446220005,285.37060546875,18616600,0.0,0
2021-08-11,286.137731795216,287.58233057777676,284.7927657569085,285.87872314453125,13955900,0.0,0
2021-08-12,285.5599067820697,288.88743365173724,285.270980948615,288.72802734375,14561300,0.0,0
2021-08-13,288.3992395659944,291.80645399595494,288.21988848785884,291.75665283203125,18231400,0.0,0
2021-08-16,292.0954130040321,293.71933246062696,288.93723443828287,293.5001525878906,22507600,0.0,0
2021-08-17,291.2984133256892,292.3345087259479,289.99327607447424,291.9858093261719,20075300,0.0,0
2021-08-18,291.5067019966163,294.2816241031632,289.7399147725127,290.1990966796875,21813000,0.56,0
2021-08-19,288.16279645156584,296.92676118774347,288.1128999463578,296.22802734375,29850500,0.0,0
2021-08-20,299.1726580246481,305.28147691844833,297.51568583092984,303.8041687011719,40796100,0.0,0
2021-08-23,302.6962211444097,304.8422888375651,301.2987838415538,304.0936584472656,22830200,0.0,0
2021-08-24,304.4629633369294,305.09181770859897,301.4484894091034,302.0673522949219,18175800,0.0,0
2021-08-25,303.7442922921823,304.03377123983154,299.8714033176296,301.45849609375,20006100,0.0,0
2021-08-26,300.4403475289859,301.87772035856676,298.40409473862104,298.5438232421875,17666100,0.0,0
2021-08-27,298.44399057803344,300.3205622956783,296.28793140000624,299.17266845703125,22597000,0.0,0
2021-08-30,300.57009296550734,303.6644378706496,300.5102049738208,303.03558349609375,16348100,0.0,0
2021-08-31,303.86410553257394,303.9439460396498,300.94942440379117,301.3287353515625,26285300,0.0,0
2021-09-01,302.31691795756683,304.632688668447,300.9394331302011,301.27880859375,18983800,0.0,0
2021-09-02,301.6481373981162,302.80599221064335,299.6318068074611,300.60003662109375,16285600,0.0,0
2021-09-03,300.44033744360644,302.04741318269504,299.7116900284957,300.590087890625,14747900,0.0,0
2021-09-07,300.4603067365565,300.5401472377294,297.65544078196103,299.6318054199219,17180400,0.0,0
2021-09-08,299.23253574778744,300.0610065852915,296.92675674370486,299.6617431640625,15046800,0.0,0
2021-09-09,300.270671876409,301.58826870000644,296.45764036956604,296.7071838378906,19927000,0.0,0
2021-09-10,297.8750559968619,299.3723167833054,294.8405989403521,295.16998291015625,19619400,0.0,0
2021-09-13,297.00660673589294,297.9948195276888,293.54294237625083,296.4476318359375,23652900,0.0,0
2021-09-14,299.01296275403917,300.839637999013,297.5556374297755,299.2425537109375,21853400,0.0,0
2021-09-15,302.7062178972524,304.76245363476824,301.26884508592195,304.26336669921875,28356300,0.0,0
2021-09-16,303.2053028608196,304.7524601662209,300.21078126699854,304.6626281738281,19550800,0.0,0
2021-09-17,303.61455352985513,303.94393749732853,298.9830122415419,299.3223876953125,41372500,0.0,0
2021-09-20,295.78883435855136,298.1744844074666,288.9912730886263,293.7625427246094,38278700,0.0,0
2021-09-21,295.150016510438,296.9966441525249,293.53297981106743,294.2616271972656,22364100,0.0,0
2021-09-22,296.1881317863621,299.67174870814284,293.9721846634612,298.03472900390625,26626300,0.0,0
2021-09-23,298.30424458832425,300.3504886823766,296.98664786869847,299.012939453125,18604600,0.0,0
2021-09-24,297.6853949010418,299.25250467689773,296.38775063353893,298.8033447265625,14999000,0.0,0
2021-09-27,295.5992161871848,295.9286001518267,292.40504770809287,293.6328125,23571700,0.0,0
2021-09-28,289.2707580945919,290.2489793951348,282.23364491539263,283.0022277832031,43186200,0.0,0
2021-09-29,284.5793510110636,286.2462841664395,282.4931714645207,283.4813537597656,26353700,0.0,0
2021-09-30,285.18823879923093,287.3043624624411,281.1057114561795,281.4051818847656,32325800,0.0,0
2021-10-01,281.60478790373077,289.4504498208519,280.7763170519972,288.5720520019531,30086300,0.0,0
2021-10-04,286.8751614519563,287.22452839554563,279.7382244408398,282.5929870605469,31350700,0.0,0
2021-10-05,283.5312756715982,289.8696858403199,283.5312756715982,288.2326965332031,24993000,0.0,0
2021-10-06,285.2581065020958,293.09377690129725,284.9886105431575,292.57470703125,28002600,0.0,0
2021-10-07,294.6409379091477,296.0982936041995,293.3832596226713,294.3115539550781,20430500,0.0,0
2021-10-08,295.6790472008092,296.0982936041995,293.2235481576582,294.3115539550781,17680300,0.0,0
2021-10-11,292.3850827479057,297.4258482505584,292.2153797987809,293.69268798828125,19298600,0.0,0
2021-10-12,294.8006528809541,294.90047635550565,291.816122901503,292.34515380859375,17974100,0.0,0
2021-10-13,294.3714530864216,296.73712023162136,292.95403281944635,295.7688903808594,23416300,0.0,0
2021-10-14,298.66356931323793,302.71615243840637,297.2860846177365,302.1971130371094,27262900,0.0,0
2021-10-15,301.7878692920953,303.89403189391265,299.9711856275955,303.6544494628906,25374700,0.0,0
2021-10-18,303.0156433727702,307.64715420298927,302.1372455096644,306.7288513183594,22729300,0.0,0
2021-10-19,307.7869207666185,308.7351676717387,306.6589794128073,307.6671447753906,17682100,0.0,0
2021-10-20,308.6453335924744,309.13445950248166,305.5509885053193,306.8486328125,16537100,0.0,0
2021-10-21,306.6090645379293,310.4520093609789,305.8005157218746,310.1925048828125,16918100,0.0,0
2021-10-22,309.8331542823581,310.52189666988124,307.2378962023136,308.5954284667969,17449300,0.0,0
2021-10-25,308.79505615120246,308.834991635624,305.90035799854587,307.56732177734375,17554500,0.0,0
2021-10-26,310.4320599813968,311.82949724585666,308.03644889063014,309.5436706542969,28107300,0.0,0
2021-10-27,315.42294441687557,325.5045066440886,315.42294441687557,322.5798645019531,52588700,0.0,0
2021-10-28,323.73770745734583,324.27672985915336,320.7731299401766,323.7576904296875,26297900,0.0,0
2021-10-29,323.53809197516193,331.3937152303717,323.30850102545384,331.014404296875,34744900,0.0,0
2021-11-01,330.7548804323837,330.88464790996443,325.77400254642413,328.7685241699219,27073200,0.0,0
2021-11-02,329.7068098452755,332.84109043095503,329.39737838131975,332.52166748046875,26487100,0.0,0
2021-11-03,333.29022169485404,334.28839548277625,330.0461568841069,333.3900451660156,21500100,0.0,0
2021-11-04,332.282087274457,335.9254155122947,328.90825499341094,335.8255920410156,23992200,0.0,0
2021-11-05,337.8918270883794,338.17131453746435,333.8092998498156,335.4462890625,22564000,0.0,0
2021-11-08,336.68403473475894,337.03340168221865,333.82927208342613,336.3746032714844,20897000,0.0,0
2021-11-09,336.49437219439244,338.1014479342122,333.91909706274924,335.3365173339844,21307400,0.0,0
2021-11-10,333.9590271863857,334.01891517951987,329.3175249474008,330.1958923339844,25500900,0.0,0
2021-11-11,330.6450687299609,333.1604557205248,329.90642987138153,331.8229064941406,16849800,0.0,0
2021-11-12,333.31022792260916,336.6141809542142,333.1804604472294,336.1051025390625,23822000,0.0,0
2021-11-15,336.9236156312403,337.2629910906334,333.4200156099173,335.456298828125,16723000,0.0,0
2021-11-16,335.0669917320383,340.04789997357375,334.8973192356291,338.8900146484375,20886800,0.0,0
2021-11-17,338.94000244140625,342.19000244140625,338.0,339.1199951171875,19053400,0.62,0
2021-11-18,338.17999267578125,342.45001220703125,337.1199951171875,341.2699890136719,22463500,0.0,0
2021-11-19,342.6400146484375,345.1000061035156,342.20001220703125,343.1099853515625,21963400,0.0,0
2021-11-22,344.6199951171875,349.6700134277344,339.54998779296875,339.8299865722656,31031100,0.0,0
2021-11-23,337.04998779296875,339.45001220703125,333.55999755859375,337.67999267578125,30427600,0.0,0
2021-11-24,336.2799987792969,338.1600036621094,333.9100036621094,337.9100036621094,21661300,0.0,0
2021-11-26,334.3500061035156,337.92999267578125,328.1199951171875,329.67999267578125,24217200,0.0,0
2021-11-29,334.94000244140625,339.0299987792969,334.739990234375,336.6300048828125,28563500,0.0,0
2021-11-30,335.32000732421875,337.7799987792969,328.989990234375,330.5899963378906,42885600,0.0,0
2021-12-01,335.1300048828125,339.2799987792969,329.3900146484375,330.0799865722656,33337600,0.0,0
2021-12-02,330.29998779296875,333.489990234375,327.79998779296875,329.489990234375,30766000,0.0,0
2021-12-03,331.989990234375,332.70001220703125,318.0299987792969,323.010009765625,41755900,0.0,0
2021-12-06,323.95001220703125,327.45001220703125,319.2300109863281,326.19000244140625,30032600,0.0,0
2021-12-07,331.6400146484375,335.79998779296875,330.1000061035156,334.9200134277344,31021900,0.0,0
2021-12-08,335.30999755859375,335.5,330.79998779296875,334.9700012207031,24761000,0.0,0
2021-12-09,334.4100036621094,336.489990234375,332.1199951171875,333.1000061035156,22214200,0.0,0
2021-12-10,334.9800109863281,343.0,334.7900085449219,342.5400085449219,38077300,0.0,0
2021-12-13,340.67999267578125,343.7900085449219,339.0799865722656,339.3999938964844,28899400,0.0,0
2021-12-14,333.2200012207031,334.6400146484375,324.1099853515625,328.3399963378906,44438700,0.0,0
2021-12-15,328.6099853515625,335.19000244140625,324.5,334.6499938964844,35381100,0.0,0
2021-12-16,335.7099914550781,336.760009765625,323.0199890136719,324.8999938964844,35034800,0.0,0
2021-12-17,320.8800048828125,324.9200134277344,317.25,323.79998779296875,47750300,0.0,0
2021-12-20,320.04998779296875,322.79998779296875,317.57000732421875,319.9100036621094,28326500,0.0,0
2021-12-21,323.2900085449219,327.7300109863281,319.79998779296875,327.2900085449219,24740600,0.0,0
2021-12-22,328.29998779296875,333.6099853515625,325.75,333.20001220703125,24831500,0.0,0
2021-12-23,332.75,336.3900146484375,332.7300109863281,334.69000244140625,19611200,0.0,0
